Tech,Quadrant,Ring
React,Programming,Adopt
TypeScript,Programming,Adopt
CSS,Programming,Adopt
HTML,Programming,Adopt
JavaScript,Programming,Adopt
Angular,Programming,Hold
Svelte,Programming,Assess
Solid.JS,Programming,Trial
Next.js,Programming,Trial
GitHub,Platforms,Adopt
AWS,Platforms,Adopt
Google Cloud,Platforms,Trial
ChatGPT,Tools,Adopt
Suno,Tools,Adopt
Git,Tools,Adopt
Linux,Tools,Trial
Unix,Tools,Adopt
PostgreSQL,Databases,Adopt
MongoDB,Databases,Assess
MariaDB,Databases,Trial
SQLite,Databases,Assess
Oracle,Databases,Hold
MS SQL Server,Databases,Hold